{"PSNR Score": 44.41391933634926, "SSIM Score": 90.42563889581507, "LPIPS Score": 81.5493813119262, "Compression Ratio Score": 98.48356902447168, "Inference Time Score": 91.8305153052012, "Score": 44.29073807787904}